id,first_name,last_name,email,ip_address
1,Marshal,Klousner,mklousner0@constantcontact.com,254.91.77.179
2,Sherwood,Bennell,sbennell1@merriam-webster.com,50.31.74.192
3,Andrey,Sporgeon,asporgeon2@mozilla.org,55.202.194.128
4,Daveta,Rose,drose3@dailymotion.com,64.36.202.185
5,Lorry,Giriardelli,lgiriardelli4@is.gd,206.235.192.77
6,Arlin,Dalbey,adalbey5@yandex.ru,67.207.215.41
7,Agata,McKendo,amckendo6@springer.com,119.138.146.68
8,Nathaniel,Bikker,nbikker7@ft.com,139.154.183.81
9,Elane,Wethers,ewethers8@rediff.com,130.152.50.135
10,Bidget,Eggleston,beggleston9@theglobeandmail.com,192.252.171.24
11,Amelina,Ellerbeck,aellerbecka@tumblr.com,254.181.17.90
12,Win,Wigin,wwiginb@latimes.com,197.157.50.98
13,Erich,Schops,eschopsc@flavors.me,24.151.247.52
14,Sloane,St Louis,sstlouisd@aol.com,175.53.126.165
15,Maryellen,Mussington,mmussingtone@theatlantic.com,29.156.180.81
16,Claiborne,Dixson,cdixsonf@engadget.com,74.155.216.200
17,Gregory,Ruttgers,gruttgersg@shop-pro.jp,66.22.110.50
18,Leonerd,Patshull,lpatshullh@biblegateway.com,39.148.119.18
19,Callida,Hallor,challori@goodreads.com,201.1.118.197
20,Moise,Borres,mborresj@bizjournals.com,58.82.219.227
21,Vernor,Gooderick,vgooderickk@cam.ac.uk,48.210.205.124
22,Karla,Canto,kcantol@baidu.com,105.13.129.150
23,Merilyn,Goodhay,mgoodhaym@cbc.ca,227.110.198.2
24,Waly,Folkes,wfolkesn@nifty.com,17.96.108.120
25,Kerwin,Thomsen,kthomseno@altervista.org,126.146.176.177
26,Redd,Manby,rmanbyp@wordpress.org,132.33.61.125
27,Mirna,Chisnall,mchisnallq@privacy.gov.au,88.108.159.202
28,Axel,Denys,adenysr@sbwire.com,37.36.253.178
29,Emlen,Chessill,echessills@ucsd.edu,108.24.187.196
30,Kippar,Coulson,kcoulsont@posterous.com,47.92.14.19
31,Verne,Matijasevic,vmatijasevicu@networkadvertising.org,102.251.175.113
32,Chet,Isson,cissonv@state.tx.us,192.199.71.124
33,Garik,O'Hoolahan,gohoolahanw@skype.com,71.255.223.139
34,Nevil,Story,nstoryx@cbsnews.com,241.27.209.66
35,Candide,Serrier,cserriery@toplist.cz,164.228.255.170
36,Eugene,Jimmison,ejimmisonz@sogou.com,231.240.1.190
37,Danice,Skeat,dskeat10@php.net,160.14.180.18
38,Wat,Tittershill,wtittershill11@biblegateway.com,192.192.89.2
39,Ravid,Petett,rpetett12@free.fr,117.178.254.23
40,Stan,Shorto,sshorto13@thetimes.co.uk,154.230.82.145
41,Ottilie,Prujean,oprujean14@netvibes.com,36.171.233.10
42,Karlen,Timlin,ktimlin15@nasa.gov,232.181.238.151
43,Far,Levay,flevay16@dyndns.org,153.64.19.43
44,Tasha,Sture,tsture17@biglobe.ne.jp,249.254.42.93
45,Daron,Hannum,dhannum18@goodreads.com,89.233.177.21
46,Fedora,Bruty,fbruty19@mail.ru,202.95.8.215
47,Erina,Talks,etalks1a@nature.com,35.135.105.0
48,Jobi,Spellacy,jspellacy1b@netlog.com,138.86.108.200
49,Gail,Gisburn,ggisburn1c@mediafire.com,250.31.226.9
50,Elijah,Dowling,edowling1d@wikipedia.org,209.161.145.219
51,Hanni,Hammerson,hhammerson1e@berkeley.edu,46.175.123.207
52,Beckie,Emeney,bemeney1f@wp.com,180.54.194.52
53,Fabien,Aubrun,faubrun1g@creativecommons.org,125.65.181.34
54,Willie,Iacopini,wiacopini1h@sciencedirect.com,193.215.201.1
55,Dannie,Trickett,dtrickett1i@springer.com,43.71.161.77
56,Pat,Goare,pgoare1j@arizona.edu,216.13.30.48
57,Hilary,Bartolomeotti,hbartolomeotti1k@sitemeter.com,112.224.123.10
58,Gallard,Collidge,gcollidge1l@alibaba.com,129.50.215.91
59,Bogart,Butson,bbutson1m@icq.com,80.2.86.150
60,Park,Girodon,pgirodon1n@telegraph.co.uk,187.57.54.172
61,Mollee,Probert,mprobert1o@deliciousdays.com,156.128.47.60
62,Mike,Lethbrig,mlethbrig1p@thetimes.co.uk,73.183.140.209
63,Jaquelyn,Jaram,jjaram1q@jalbum.net,93.59.193.130
64,Aeriell,Kingwell,akingwell1r@reference.com,162.105.244.244
65,Byran,Bareford,bbareford1s@usatoday.com,74.193.229.113
66,Fanny,Hoys,fhoys1t@ibm.com,34.171.10.77
67,Nichole,Fatkin,nfatkin1u@ca.gov,143.218.218.81
68,Shurlock,Shaughnessy,sshaughnessy1v@paginegialle.it,192.34.165.188
69,Fiona,Braikenridge,fbraikenridge1w@altervista.org,23.2.252.246
70,Marita,Archley,marchley1x@tuttocitta.it,166.63.62.236
71,Tina,Aggas,taggas1y@domainmarket.com,18.211.157.222
72,Donica,Dubber,ddubber1z@youtube.com,78.236.114.226
73,Zachariah,Sleet,zsleet20@shutterfly.com,145.82.246.144
74,Jeffy,Tender,jtender21@bandcamp.com,213.253.46.113
75,Guillema,Giraudot,ggiraudot22@360.cn,221.134.119.19
76,Adlai,Mateu,amateu23@princeton.edu,235.156.148.132
77,Veronike,Bradmore,vbradmore24@jimdo.com,173.40.78.86
78,Saudra,Mulbery,smulbery25@sogou.com,247.80.252.255
79,Lauryn,Bordes,lbordes26@yellowbook.com,162.178.254.241
80,Pierette,Christal,pchristal27@cargocollective.com,16.7.192.0
81,Meredith,Diem,mdiem28@uol.com.br,88.93.79.0
82,Levi,Covet,lcovet29@nature.com,46.167.242.79
83,Minnie,O'Heffernan,moheffernan2a@mlb.com,208.80.224.240
84,Hanni,Balazin,hbalazin2b@tumblr.com,192.106.14.235
85,Marvin,Clarke,mclarke2c@theatlantic.com,39.23.252.238
86,Everett,Dorrins,edorrins2d@list-manage.com,25.50.141.101
87,Kevina,Macci,kmacci2e@reverbnation.com,98.91.53.45
88,Marvin,Kimmerling,mkimmerling2f@illinois.edu,4.195.157.163
89,Kermie,Wetter,kwetter2g@pagesperso-orange.fr,104.61.92.90
90,Sammy,Ditchett,sditchett2h@fda.gov,29.236.29.181
91,Kelwin,Basillon,kbasillon2i@stanford.edu,196.138.58.121
92,Michaeline,Gristhwaite,mgristhwaite2j@youtube.com,209.55.6.41
93,Harri,Sollner,hsollner2k@oaic.gov.au,145.234.193.220
94,Tyson,Roseborough,troseborough2l@blog.com,136.211.82.93
95,Nanci,Kalinke,nkalinke2m@blogs.com,58.66.191.182
96,Rafaelita,Pessler,rpessler2n@webeden.co.uk,139.206.237.197
97,Isaac,Tatters,itatters2o@dagondesign.com,146.88.151.55
98,Aube,Herreros,aherreros2p@mac.com,66.183.146.87
99,Amelita,Banck,abanck2q@opensource.org,66.84.47.116
100,Prent,Martynka,pmartynka2r@live.com,230.86.156.219
101,Burk,Paulazzi,bpaulazzi2s@usgs.gov,176.155.127.43
102,Ambrosi,McQuilty,amcquilty2t@washingtonpost.com,140.188.55.221
103,Ingram,Laird-Craig,ilairdcraig2u@technorati.com,255.241.127.154
104,Anica,Robertucci,arobertucci2v@mlb.com,211.221.100.108
105,Towney,Withnall,twithnall2w@dion.ne.jp,234.219.167.245
106,Celina,Grange,cgrange2x@wsj.com,121.131.32.244
107,Giacinta,Bossingham,gbossingham2y@seesaa.net,137.227.184.148
108,Kin,Hiner,khiner2z@blinklist.com,59.106.186.144
109,Garik,Gaffer,ggaffer30@joomla.org,66.135.177.69
110,Dilly,Sudran,dsudran31@mysql.com,38.43.172.246
111,Haleigh,Gadesby,hgadesby32@bloglovin.com,163.246.135.251
112,Ardeen,Lamden,alamden33@shop-pro.jp,115.32.9.65
113,Derick,Olivi,dolivi34@nhs.uk,185.72.136.201
114,Merrili,Brome,mbrome35@soup.io,247.234.205.119
115,Tobiah,Hilling,thilling36@oaic.gov.au,109.104.92.97
116,Holly,Padgham,hpadgham37@ycombinator.com,59.175.230.28
117,Vinita,Galbreath,vgalbreath38@usnews.com,85.170.222.7
118,Wade,Surgison,wsurgison39@google.co.uk,19.175.194.214
119,Dyanna,Neat,dneat3a@rakuten.co.jp,52.120.197.72
120,Khalil,Cressar,kcressar3b@engadget.com,226.133.176.60
121,Forrester,Euston,feuston3c@bloglines.com,222.101.205.130
122,Annelise,Jan,ajan3d@forbes.com,175.131.234.219
123,Angelica,Mouser,amouser3e@marriott.com,150.223.181.12
124,Bartel,Saiz,bsaiz3f@abc.net.au,52.105.89.253
125,Moria,Hargie,mhargie3g@typepad.com,216.153.99.48
126,Archibold,Pettiford,apettiford3h@gravatar.com,82.75.216.231
127,Ellary,Farnorth,efarnorth3i@answers.com,75.235.21.211
128,Lucine,Gages,lgages3j@bandcamp.com,17.168.115.193
129,Ashlin,Cuxon,acuxon3k@hhs.gov,99.47.173.205
130,Chrissy,Kuhndel,ckuhndel3l@google.pl,173.62.221.147
131,Cathryn,Clacey,cclacey3m@wisc.edu,206.124.35.61
132,Lockwood,Hirtzmann,lhirtzmann3n@cdbaby.com,44.121.232.208
133,Regine,Sweed,rsweed3o@umn.edu,24.60.133.140
134,Cassandry,Marchetti,cmarchetti3p@wisc.edu,248.239.48.199
135,Retha,Phillcox,rphillcox3q@youtu.be,62.227.167.50
136,Burnaby,Oldacres,boldacres3r@ehow.com,182.92.130.253
137,Shamus,MacFaell,smacfaell3s@unc.edu,206.79.79.86
138,Shanon,Bushaway,sbushaway3t@taobao.com,165.151.137.166
139,Mara,Ambrozewicz,mambrozewicz3u@google.com,186.150.65.29
140,Kynthia,MacGibbon,kmacgibbon3v@acquirethisname.com,157.170.125.26
141,Giorgia,Asbury,gasbury3w@stumbleupon.com,225.96.230.145
142,Chelsae,Fourmy,cfourmy3x@mit.edu,24.67.170.4
143,Bennie,Broughton,bbroughton3y@unicef.org,71.201.1.40
144,Lutero,Garces,lgarces3z@marketwatch.com,51.117.116.48
145,Minnie,Ahern,mahern40@sphinn.com,191.56.92.227
146,Michaelina,Tetford,mtetford41@oaic.gov.au,132.49.3.218
147,Verina,Littleover,vlittleover42@com.com,1.167.242.5
148,Terrie,Twinborne,ttwinborne43@tumblr.com,100.88.63.18
149,Joy,Forster,jforster44@mit.edu,19.74.112.212
150,Margi,Screas,mscreas45@lulu.com,184.197.52.194
151,Morie,Artus,martus46@g.co,86.151.1.144
152,Brooke,Lorenc,blorenc47@bbc.co.uk,32.203.190.115
153,Clayborn,Parsonson,cparsonson48@forbes.com,29.80.144.85
154,Meta,Gredden,mgredden49@ycombinator.com,55.2.144.44
155,Eloisa,Gambie,egambie4a@squidoo.com,25.109.219.13
156,Laney,Orrell,lorrell4b@webnode.com,96.26.135.16
157,Hildagarde,Hylden,hhylden4c@stumbleupon.com,212.226.185.13
158,Leshia,Lawful,llawful4d@dot.gov,240.68.25.217
159,Maribelle,Prescot,mprescot4e@ucoz.ru,208.111.96.28
160,Eda,Forshaw,eforshaw4f@goo.ne.jp,146.144.25.9
161,Abby,Pudge,apudge4g@salon.com,250.206.240.67
162,Maurita,Benaine,mbenaine4h@i2i.jp,65.20.56.235
163,Martyn,Murphy,mmurphy4i@twitpic.com,193.178.116.193
164,Evaleen,Hambly,ehambly4j@nationalgeographic.com,234.3.105.17
165,Nissie,Kelmere,nkelmere4k@webnode.com,104.96.106.149
166,Clarey,Nicholson,cnicholson4l@elegantthemes.com,191.214.86.81
167,Jilli,Sandell,jsandell4m@is.gd,247.254.23.234
168,Karlotta,Leyland,kleyland4n@arstechnica.com,144.101.2.172
169,Frances,Kollasch,fkollasch4o@kickstarter.com,214.106.8.195
170,Viole,Salvador,vsalvador4p@bing.com,241.92.222.203
171,Benn,Whittick,bwhittick4q@hibu.com,126.105.183.129
172,Keith,Surtees,ksurtees4r@blogs.com,184.222.153.101
173,Louisa,Vere,lvere4s@statcounter.com,125.170.119.175
174,Teresina,Balcock,tbalcock4t@skyrock.com,5.191.107.42
175,Laney,Williams,lwilliams4u@amazon.com,83.154.207.95
176,Regen,Gherardelli,rgherardelli4v@cafepress.com,167.61.177.46
177,Horatio,Woolpert,hwoolpert4w@squidoo.com,117.23.232.189
178,Robina,Cheers,rcheers4x@google.it,181.151.17.251
179,Pepe,Riby,priby4y@fema.gov,102.9.184.174
180,Freda,Skerm,fskerm4z@addthis.com,162.38.166.16
181,Jabez,Bloschke,jbloschke50@sphinn.com,201.254.119.64
182,Norton,Gronw,ngronw51@1688.com,17.184.166.36
183,Shell,Mackriell,smackriell52@skype.com,137.35.136.153
184,Ilse,Boolsen,iboolsen53@yellowpages.com,201.43.239.106
185,Sully,Cathenod,scathenod54@noaa.gov,234.227.63.209
186,Basia,Poolton,bpoolton55@huffingtonpost.com,140.150.67.195
187,Traci,Perch,tperch56@businessinsider.com,232.107.153.95
188,Verene,Forcade,vforcade57@issuu.com,161.252.115.121
189,Casper,Gemelli,cgemelli58@blogtalkradio.com,9.107.204.189
190,Elyn,O'Hagerty,eohagerty59@cnbc.com,149.222.223.50
191,Ulrika,Clara,uclara5a@kickstarter.com,160.98.90.237
192,Emogene,Pomfrey,epomfrey5b@jalbum.net,189.183.181.149
193,Derril,Lauxmann,dlauxmann5c@baidu.com,76.192.235.135
194,Dulcinea,Fendt,dfendt5d@com.com,88.72.123.46
195,Leora,Bryer,lbryer5e@blog.com,174.171.0.20
196,Sean,Pamphilon,spamphilon5f@g.co,83.35.191.203
197,Lari,Carncross,lcarncross5g@cam.ac.uk,149.121.56.171
198,Emmott,Regardsoe,eregardsoe5h@marriott.com,79.233.222.106
199,Cesar,Halsted,chalsted5i@stanford.edu,74.210.172.141
200,Rochester,Van Arsdall,rvanarsdall5j@spotify.com,214.65.74.135
201,Reidar,Sunner,rsunner5k@yolasite.com,201.231.44.72
202,Alli,Erbain,aerbain5l@theguardian.com,208.251.216.11
203,Sisely,Low,slow5m@psu.edu,162.220.155.170
204,Lemmy,Brownsey,lbrownsey5n@boston.com,117.61.102.147
205,Aveline,Coad,acoad5o@e-recht24.de,132.22.154.144
206,Sonny,Gatty,sgatty5p@redcross.org,32.87.129.133
207,Erena,Felstead,efelstead5q@hexun.com,2.219.236.66
208,Tanny,Kerslake,tkerslake5r@xinhuanet.com,250.217.243.187
209,Jdavie,Abell,jabell5s@time.com,80.135.76.80
210,Sigismondo,Millier,smillier5t@aboutads.info,122.74.177.157
211,Llewellyn,Gadson,lgadson5u@163.com,89.72.219.80
212,Yolane,Mendus,ymendus5v@webmd.com,144.152.255.205
213,Merle,Tedstone,mtedstone5w@techcrunch.com,215.42.189.180
214,Andreana,Penwright,apenwright5x@time.com,214.250.201.218
215,Alexander,Bean,abean5y@lulu.com,70.206.101.141
216,Catharina,McGlynn,cmcglynn5z@intel.com,119.166.132.176
217,Gerardo,Cavil,gcavil60@patch.com,248.15.36.253
218,Meade,McKain,mmckain61@artisteer.com,3.114.110.186
219,Alfonso,Dicken,adicken62@nationalgeographic.com,19.11.226.134
220,Pearle,Molfino,pmolfino63@yellowpages.com,240.80.115.126
221,Erick,Krzysztof,ekrzysztof64@intel.com,45.24.233.37
222,Emylee,Farquharson,efarquharson65@unesco.org,182.144.85.227
223,Douglass,Freen,dfreen66@mtv.com,36.121.246.185
224,Anthea,Carville,acarville67@examiner.com,111.164.136.89
225,Willette,Reimers,wreimers68@tinypic.com,204.176.112.4
226,Maddy,Cannaway,mcannaway69@multiply.com,220.15.4.220
227,Byran,Gush,bgush6a@dion.ne.jp,74.137.38.168
228,Christyna,Schiefersten,cschiefersten6b@jimdo.com,142.126.98.169
229,Karolina,Nussey,knussey6c@google.pl,41.251.117.120
230,Betteann,Petruk,bpetruk6d@yahoo.co.jp,65.250.54.191
231,Karel,Deener,kdeener6e@free.fr,205.36.123.229
232,Anderea,Niles,aniles6f@cocolog-nifty.com,107.192.10.248
233,Fonsie,Ivanuschka,fivanuschka6g@skype.com,134.34.59.140
234,Alfi,Liddel,aliddel6h@typepad.com,167.230.227.127
235,Willy,Dreossi,wdreossi6i@wordpress.org,59.148.105.153
236,Jinny,Headech,jheadech6j@boston.com,118.67.227.255
237,Son,Hubbuck,shubbuck6k@wp.com,82.9.30.77
238,Ilysa,Jaggi,ijaggi6l@plala.or.jp,197.29.225.251
239,Lief,Semrad,lsemrad6m@facebook.com,114.25.229.15
240,Christie,Klemps,cklemps6n@google.es,143.146.115.201
241,Earvin,Enderby,eenderby6o@google.de,196.119.137.56
242,Cleopatra,Egar,cegar6p@arstechnica.com,220.2.165.187
243,Gabriello,Jahnisch,gjahnisch6q@mozilla.com,208.177.119.87
244,Florencia,Brixey,fbrixey6r@netvibes.com,207.71.198.159
245,Kirbee,Hulks,khulks6s@weather.com,109.66.207.145
246,Cathlene,Sheed,csheed6t@apache.org,170.240.64.244
247,Darb,Stebbings,dstebbings6u@last.fm,88.67.174.19
248,Iggy,Giovannacc@i,igiovannacci6v@google.it,198.122.202.253
249,Tess,Caldero,tcaldero6w@utexas.edu,213.63.103.186
250,Caroljean,Bednall,cbednall6x@ezinearticles.com,170.57.229.1
251,Crin,Moulson,cmoulson6y@paginegialle.it,103.144.66.9
252,Wanids,McRinn,wmcrinn6z@jigsy.com,3.93.216.56
253,Nataline,Heber,nheber70@g.co,245.110.121.168
254,Ted,Adamiak,tadamiak71@harvard.edu,64.30.205.232
255,Pablo,Clipsham,pclipsham72@mac.com,158.11.114.95
256,Henrietta,Cridlan,hcridlan73@wisc.edu,208.51.19.239
257,Shurwood,Foort,sfoort74@about.com,93.141.116.24
258,Alphonso,Zumbusch,azumbusch75@youku.com,203.130.79.118
259,Hildagarde,Rothermel,hrothermel76@nationalgeographic.com,5.231.174.6
260,Basile,Kield,bkield77@ustream.tv,145.137.32.17
261,Thaddus,Placidi,tplacidi78@msu.edu,121.241.137.154
262,Tessa,Bende,tbende79@twitpic.com,100.158.20.235
263,Bendix,Wilbore,bwilbore7a@berkeley.edu,178.142.191.202
264,Sharity,Rignall,srignall7b@sourceforge.net,195.174.176.116
265,Lorelle,Shepperd,lshepperd7c@google.it,71.105.88.111
266,Jandy,Josefsen,jjosefsen7d@example.com,138.250.186.237
267,Salomi,Earp,searp7e@hc360.com,63.183.222.184
268,Brier,Dagg,bdagg7f@google.com.au,46.18.188.57
269,Nonna,Leisman,nleisman7g@columbia.edu,218.238.223.19
270,Maryanna,Skerme,mskerme7h@51.la,41.19.66.122
271,Reid,Donati,rdonati7i@columbia.edu,248.227.121.10
272,Briney,Densun,bdensun7j@answers.com,122.53.6.21
273,Dora,Peplaw,dpeplaw7k@phpbb.com,37.37.124.215
274,Sibella,Harbord,sharbord7l@acquirethisname.com,188.90.143.73
275,Margarete,Corran,mcorran7m@tiny.cc,158.148.47.241
276,Jandy,Bithell,jbithell7n@springer.com,150.150.110.169
277,Maddie,Banfield,mbanfield7o@auda.org.au,73.143.90.200
278,Randolf,Neeves,rneeves7p@dagondesign.com,172.46.48.180
279,Martainn,Mullinder,mmullinder7q@elegantthemes.com,244.49.191.164
280,Xerxes,Fenning,xfenning7r@google.de,206.101.56.92
281,Adolpho,Denness,adenness7s@cdbaby.com,252.222.251.2
282,Helen-elizabeth,Freiberg,hfreiberg7t@comcast.net,204.14.24.173
283,Candie,Rozanski,crozanski7u@nyu.edu,79.232.200.243
284,Evelyn,Busse,ebusse7v@myspace.com,60.196.240.243
285,Erina,Streak,estreak7w@ucsd.edu,106.67.38.50
286,Dolf,Leal,dleal7x@desdev.cn,72.51.185.97
287,Pepillo,Gayforth,pgayforth7y@histats.com,184.94.42.1
288,Ondrea,McQuirk,omcquirk7z@imageshack.us,59.218.147.122
289,Alta,Klemke,aklemke80@weibo.com,34.196.188.213
290,Basile,Perrelle,bperrelle81@java.com,221.197.125.157
291,Meris,Champney,mchampney82@so-net.ne.jp,107.46.23.146
292,Dana,Candie,dcandie83@usa.gov,199.194.60.132
293,Tait,Wilkie,twilkie84@gov.uk,9.121.129.143
294,Loydie,Storkes,lstorkes85@scientificamerican.com,178.113.173.6
295,Harp,Bankes,hbankes86@mayoclinic.com,180.152.39.119
296,Rosemary,More,rmore87@indiatimes.com,169.142.144.173
297,Byrom,Norrey,bnorrey88@dmoz.org,109.90.77.110
298,Sancho,Busfield,sbusfield89@illinois.edu,241.125.5.39
299,Carolann,Sisey,csisey8a@google.fr,66.17.255.172
300,Rad,Cheves,rcheves8b@prnewswire.com,219.236.103.141
301,Romonda,Yole,ryole8c@wufoo.com,194.175.17.244
302,Brantley,Iacabucci,biacabucci8d@va.gov,229.10.55.159
303,Sampson,Karslake,skarslake8e@twitter.com,230.22.69.243
304,Chicky,Buttel,cbuttel8f@elpais.com,58.1.5.126
305,Alverta,Watkinson,awatkinson8g@slideshare.net,97.42.124.239
306,Shalna,Wayland,swayland8h@sbwire.com,115.202.242.181
307,Halie,Grundle,hgrundle8i@reverbnation.com,37.129.105.212
308,Corine,MacMickan,cmacmickan8j@prnewswire.com,12.31.106.90
309,Ellwood,Rex,erex8k@un.org,235.243.16.196
310,Kay,Spight,kspight8l@mayoclinic.com,204.27.148.205
311,Maribel,Domegan,mdomegan8m@icio.us,97.116.44.174
312,Gearalt,Yellop,gyellop8n@squidoo.com,197.98.223.88
313,Corrianne,Paskins,cpaskins8o@toplist.cz,184.187.182.99
314,Dougy,Laurentin,dlaurentin8p@goo.gl,68.246.49.94
315,Orbadiah,Peert,opeert8q@moonfruit.com,40.99.41.71
316,Honor,Noell,hnoell8r@psu.edu,93.213.109.233
317,Rosa,Gravells,rgravells8s@cocolog-nifty.com,54.166.146.215
318,Susan,MacCard,smaccard8t@redcross.org,203.118.42.5
319,Erinna,Pleming,epleming8u@xing.com,120.107.254.28
320,Heloise,Ivashchenko,hivashchenko8v@home.pl,147.195.112.221
321,Janette,Olekhov,jolekhov8w@nbcnews.com,102.135.127.172
322,Ronica,Dominiak,rdominiak8x@ibm.com,62.135.59.165
323,Kaylee,Crispin,kcrispin8y@adobe.com,80.15.208.190
324,Inger,Dzeniskevich,idzeniskevich8z@vkontakte.ru,7.205.229.51
325,Oliviero,Stoakes,ostoakes90@blogger.com,26.140.63.240
326,Mile,Haythorn,mhaythorn91@nbcnews.com,27.164.50.35
327,Roscoe,Pavese,rpavese92@free.fr,226.171.2.245
328,Xylia,Genthner,xgenthner93@e-recht24.de,175.6.3.19
329,Verine,Scanderet,vscanderet94@mit.edu,37.217.107.151
330,Hill,Syer,hsyer95@ning.com,18.156.80.123
331,Gabriell,Rasmus,grasmus96@google.com.au,17.245.1.160
332,Ossie,Berthouloume,oberthouloume97@theguardian.com,144.144.77.183
333,Bonnibelle,Swalowe,bswalowe98@reuters.com,44.23.143.254
334,Minette,Waskett,mwaskett99@biglobe.ne.jp,235.139.4.162
335,Sonia,De Biaggi,sdebiaggi9a@alexa.com,225.172.70.92
336,Whitaker,Frizzell,wfrizzell9b@uiuc.edu,203.60.86.235
337,Luce,Handsheart,lhandsheart9c@aol.com,195.42.183.224
338,Abraham,Poolman,apoolman9d@engadget.com,195.34.138.198
339,Vasilis,Ridler,vridler9e@marriott.com,108.222.143.221
340,Isidora,Vesty,ivesty9f@kickstarter.com,219.129.230.87
341,Igor,Chandler,ichandler9g@issuu.com,53.31.67.73
342,Patty,Casino,pcasino9h@ycombinator.com,154.211.14.26
343,Allis,Burrus,aburrus9i@arstechnica.com,202.179.12.200
344,Brad,Lothean,blothean9j@va.gov,117.18.199.142
345,Cassandre,Scheu,cscheu9k@pen.io,105.209.254.219
346,Odelia,Degue,odegue9l@moonfruit.com,33.247.192.197
347,Rasia,Wightman,rwightman9m@netscape.com,33.10.61.156
348,Frannie,Overstone,foverstone9n@mediafire.com,118.94.123.5
349,Hogan,Pele,hpele9o@trellian.com,68.196.196.240
350,Raleigh,Slaughter,rslaughter9p@home.pl,235.194.204.59
351,Kingsly,O'Leagham,koleagham9q@delicious.com,184.36.148.169
352,Mehetabel,Golsby,mgolsby9r@ucsd.edu,55.88.100.188
353,Christye,Weeden,cweeden9s@nature.com,158.116.141.143
354,Opaline,Carryer,ocarryer9t@youku.com,199.254.100.170
355,Reyna,Wakelin,rwakelin9u@gmpg.org,73.242.246.38
356,Leicester,Gullifant,lgullifant9v@apache.org,234.171.248.124
357,Hinda,Golley,hgolley9w@youku.com,229.203.165.178
358,Sandye,Thackray,sthackray9x@theglobeandmail.com,226.212.170.84
359,Mayne,Cackett,mcackett9y@photobucket.com,27.18.73.249
360,Rollins,Swatridge,rswatridge9z@sohu.com,19.77.212.188
361,Bernardo,Lancaster,blancastera0@scribd.com,241.122.45.36
362,Ramonda,Rechert,rrecherta1@rediff.com,97.160.19.103
363,Sanders,Elcomb,selcomba2@ucoz.ru,55.126.156.158
364,Odelinda,Bumpas,obumpasa3@twitter.com,139.150.131.66
365,Ladonna,Houseman,lhousemana4@about.me,145.88.60.184
366,Celestia,Yakushkev,cyakushkeva5@weather.com,147.106.241.54
367,Hardy,Sawdy,hsawdya6@auda.org.au,235.20.56.85
368,Isabella,Kettow,ikettowa7@goo.ne.jp,103.73.200.196
369,Niki,Maypes,nmaypesa8@sciencedirect.com,76.51.37.189
370,Danit,Wheater,dwheatera9@harvard.edu,98.10.12.234
371,Astrix,MacEllen,amacellenaa@miitbeian.gov.cn,244.186.165.208
372,Ingamar,Bramley,ibramleyab@arizona.edu,168.160.89.155
373,Kandy,Loomes,kloomesac@1und1.de,227.251.54.8
374,Mireielle,Lafford,mlaffordad@booking.com,213.20.66.183
375,Lonni,Suff,lsuffae@360.cn,107.156.90.62
376,Rebeca,Alloway,rallowayaf@fotki.com,23.183.251.66
377,Rosalyn,Thouless,rthoulessag@wisc.edu,69.27.13.72
378,Garald,Toomer,gtoomerah@google.co.uk,72.226.153.200
379,Dede,Veronique,dveroniqueai@shutterfly.com,108.52.252.86
380,Burr,Oertzen,boertzenaj@gov.uk,160.202.142.181
381,Brietta,Krystek,bkrystekak@narod.ru,209.219.216.5
382,Melissa,Pughe,mpugheal@bbc.co.uk,140.137.247.163
383,Valle,Hains,vhainsam@moonfruit.com,173.1.82.151
384,Brigit,FitzAlan,bfitzalanan@bbb.org,109.224.209.202
385,Corette,Petrak,cpetrakao@desdev.cn,202.88.67.97
386,Josselyn,Landreth,jlandrethap@smugmug.com,252.205.213.243
387,Elnore,Dunne,edunneaq@mozilla.com,241.53.83.93
388,Robbert,Naismith,rnaismithar@soup.io,68.70.157.118
389,Frederic,Conichie,fconichieas@freewebs.com,167.201.17.181
390,Tome,Bernini,tberniniat@illinois.edu,175.80.57.202
391,Murvyn,Oliffe,moliffeau@cloudflare.com,194.91.80.86
392,Lettie,Lorryman,llorrymanav@bizjournals.com,96.135.18.169
393,Goldia,Grenville,ggrenvilleaw@wordpress.org,137.143.120.163
394,Immanuel,Schreurs,ischreursax@mayoclinic.com,204.35.206.3
395,Orsa,Feria,oferiaay@mlb.com,124.31.100.234
396,Catlin,Tabourin,ctabourinaz@cisco.com,185.184.91.251
397,Ninnette,Heball,nheballb0@hc360.com,249.59.214.245
398,Bail,Garett,bgarettb1@miibeian.gov.cn,211.54.72.192
399,Nicholas,Duffan,nduffanb2@is.gd,226.105.64.25
400,Nobie,Luckes,nluckesb3@redcross.org,107.212.191.159
401,Aksel,Lanston,alanstonb4@economist.com,193.158.159.192
402,Frasquito,Bollans,fbollansb5@sciencedaily.com,14.28.165.76
403,Monica,Glading,mgladingb6@livejournal.com,142.15.170.10
404,Tatiania,Geraldez,tgeraldezb7@utexas.edu,78.93.168.180
405,Forester,Bahde,fbahdeb8@biglobe.ne.jp,175.248.36.227
406,Jori,Pexton,jpextonb9@exblog.jp,159.5.224.189
407,Alejandra,Yoakley,ayoakleyba@wikia.com,68.254.178.64
408,Robert,Olphert,rolphertbb@google.pl,176.84.208.29
409,Vikky,Conningham,vconninghambc@free.fr,165.60.3.145
410,Evania,Bonnell,ebonnellbd@hugedomains.com,160.22.123.118
411,Elva,Gallety,egalletybe@jigsy.com,214.112.193.194
412,Marysa,Dunseath,mdunseathbf@zimbio.com,3.226.249.250
413,Erda,Mager,emagerbg@miitbeian.gov.cn,49.32.152.13
414,Cinderella,Vigietti,cvigiettibh@wordpress.com,158.28.81.215
415,Kelci,Fearnall,kfearnallbi@wikia.com,164.242.143.134
416,Reuven,Kleinbaum,rkleinbaumbj@webs.com,57.75.78.156
417,Robers,Yurmanovev,ryurmanovevbk@google.cn,120.152.164.17
418,Nelie,Ovett,novettbl@weebly.com,57.83.133.149
419,Moyra,Masser,mmasserbm@unc.edu,120.2.47.6
420,Maddy,Edy,medybn@census.gov,155.254.42.202
421,Ellary,Manuely,emanuelybo@reference.com,37.222.206.148
422,Bryna,MacRanald,bmacranaldbp@imageshack.us,219.243.82.240
423,Beatriz,Robiot,brobiotbq@example.com,244.124.102.180
424,Milty,Wolfendell,mwolfendellbr@example.com,163.14.80.62
425,Katerine,Richemont,krichemontbs@cisco.com,133.122.158.246
426,Win,Kabsch,wkabschbt@feedburner.com,205.148.141.106
427,Elke,Wilshin,ewilshinbu@spotify.com,19.166.18.183
428,Fowler,Cabble,fcabblebv@odnoklassniki.ru,20.143.113.128
429,Hobie,Butten,hbuttenbw@amazonaws.com,157.98.96.66
430,Francois,Cavell,fcavellbx@nasa.gov,184.52.234.29
431,Saw,Alman,salmanby@dailymail.co.uk,247.195.164.181
432,Catarina,Romke,cromkebz@tiny.cc,141.186.245.240
433,Ferris,Esbrook,fesbrookc0@soup.io,81.62.191.125
434,Kary,Mungan,kmunganc1@stanford.edu,221.238.61.17
435,Marcellus,Antonazzi,mantonazzic2@cloudflare.com,5.82.132.186
436,Read,Mulvenna,rmulvennac3@yahoo.com,77.9.31.51
437,Hester,Llopis,hllopisc4@oakley.com,164.36.6.89
438,Cos,Norkutt,cnorkuttc5@skyrock.com,227.24.42.67
439,Amelia,Wims,awimsc6@china.com.cn,49.106.21.41
440,Geoff,Duding,gdudingc7@ibm.com,210.98.130.233
441,Alphonse,McAvinchey,amcavincheyc8@networksolutions.com,250.164.15.248
442,Aviva,Muffin,amuffinc9@goo.ne.jp,188.254.51.50
443,Alyss,Bewlay,abewlayca@yahoo.co.jp,148.32.15.219
444,Bradney,Chinge,bchingecb@yolasite.com,29.173.73.45
445,Fin,Cashley,fcashleycc@over-blog.com,89.40.255.85
446,Alverta,Lemin,alemincd@mapy.cz,196.62.94.213
447,Des,Esler,deslerce@diigo.com,127.246.247.138
448,Aloysia,Pinching,apinchingcf@fc2.com,18.197.142.49
449,Truman,Hallgath,thallgathcg@soundcloud.com,174.82.13.121
450,Page,Passion,ppassionch@themeforest.net,188.153.187.53
451,Otho,Staden,ostadenci@wp.com,131.57.168.238
452,Donni,Cosin,dcosincj@tiny.cc,93.167.235.19
453,Arleyne,Bunten,abuntenck@biglobe.ne.jp,207.92.217.252
454,Cobbie,Earp,cearpcl@washington.edu,11.184.38.101
455,Karil,Baskeyfied,kbaskeyfiedcm@huffingtonpost.com,49.201.86.70
456,Glyn,de Castelain,gdecastelaincn@elegantthemes.com,78.182.82.221
457,Gill,Leveret,gleveretco@infoseek.co.jp,13.49.12.115
458,Guillema,Alderson,galdersoncp@mtv.com,253.42.80.244
459,Eleen,Dabnot,edabnotcq@live.com,140.121.149.109
460,Barret,Daintrey,bdaintreycr@slashdot.org,94.239.207.115
461,Verne,Corryer,vcorryercs@twitter.com,244.162.52.33
462,Beckie,Martindale,bmartindalect@uiuc.edu,42.122.164.163
463,Catlin,Wixon,cwixoncu@msn.com,155.168.27.99
464,Kare,Sumpner,ksumpnercv@chronoengine.com,10.171.219.148
465,Hasty,Duval,hduvalcw@symantec.com,204.178.184.246
466,Guglielma,Genery,ggenerycx@microsoft.com,171.174.32.233
467,Lilith,Grayshan,lgrayshancy@va.gov,6.157.109.156
468,Kevan,Stockin,kstockincz@naver.com,248.92.1.219
469,Gilburt,McCarlich,gmccarlichd0@cbc.ca,227.113.198.132
470,Abramo,Warrington,awarringtond1@homestead.com,46.209.77.196
471,Cyrillus,Naris,cnarisd2@technorati.com,140.108.44.195
472,Godwin,Batalini,gbatalinid3@amazon.co.uk,29.7.118.155
473,Marti,Dizlie,mdizlied4@freewebs.com,110.217.233.12
474,Iago,MacCroary,imaccroaryd5@fastcompany.com,192.111.121.84
475,Cathi,Tubby,ctubbyd6@imdb.com,0.105.56.57
476,Hallie,Peggs,hpeggsd7@posterous.com,43.254.186.254
477,Michaelina,Rontree,mrontreed8@sitemeter.com,42.20.252.140
478,Jacques,Lambertini,jlambertinid9@archive.org,218.106.60.27
479,Shannah,Adolthine,sadolthineda@list-manage.com,214.205.232.205
480,Etta,Sherbrooke,esherbrookedb@icq.com,1.149.57.255
481,Base,Hunting,bhuntingdc@technorati.com,125.166.93.107
482,Robbert,Mayall,rmayalldd@skype.com,229.76.75.2
483,Olympia,Keay,okeayde@state.gov,164.3.30.187
484,Karina,Basler,kbaslerdf@example.com,121.211.77.141
485,Kalie,Melbert,kmelbertdg@hostgator.com,186.93.102.139
486,Terry,Savins,tsavinsdh@howstuffworks.com,125.134.36.218
487,Guido,Carlos,gcarlosdi@chron.com,108.124.189.46
488,Reba,Enoksson,renokssondj@gnu.org,20.38.181.211
489,Karolina,Beatson,kbeatsondk@timesonline.co.uk,34.250.82.46
490,Bald,Calderon,bcalderondl@springer.com,186.54.13.125
491,Zia,Semeniuk,zsemeniukdm@yellowbook.com,14.155.0.190
492,Melessa,Liveley,mliveleydn@redcross.org,52.205.12.183
493,Vlad,McJarrow,vmcjarrowdo@biglobe.ne.jp,210.224.130.85
494,Nariko,Dudden,nduddendp@1und1.de,21.59.49.112
495,Donni,Aharoni,daharonidq@cdbaby.com,235.124.161.45
496,Issiah,Scaysbrook,iscaysbrookdr@state.tx.us,191.112.224.74
497,Travis,Pettifer,tpettiferds@dropbox.com,172.81.137.81
498,Osbourn,Verrick,overrickdt@statcounter.com,164.226.34.44
499,Hephzibah,Curthoys,hcurthoysdu@bbb.org,207.81.94.182
500,Vinita,Zeale,vzealedv@nasa.gov,209.102.234.209
501,Maxy,Jameson,mjamesondw@miitbeian.gov.cn,41.143.171.155
502,Lucinda,Brigg,lbriggdx@noaa.gov,229.166.125.85
503,Alejandra,Klulicek,aklulicekdy@ucoz.com,236.72.58.234
504,Dulcine,Maryan,dmaryandz@yelp.com,219.75.114.128
505,Darcy,Sentinella,dsentinellae0@mtv.com,188.173.89.104
506,Aguie,Durbyn,adurbyne1@noaa.gov,208.18.149.32
507,Bruno,Rustedge,brustedgee2@nps.gov,65.154.98.23
508,Mellie,Macari,mmacarie3@squidoo.com,245.178.47.169
509,Edmund,Yalden,eyaldene4@myspace.com,218.45.84.9
510,Ber,Ibbetson,bibbetsone5@wunderground.com,34.213.248.76
511,Patrice,Collison,pcollisone6@prlog.org,227.98.47.138
512,Virgina,Mervyn,vmervyne7@imdb.com,51.59.163.208
513,Dorry,Timmis,dtimmise8@whitehouse.gov,39.85.168.128
514,Yale,Reuben,yreubene9@facebook.com,161.134.79.167
515,Cherish,Hedylstone,chedylstoneea@purevolume.com,21.138.53.187
516,Andriette,Sivess,asivesseb@behance.net,204.58.101.175
517,Donnell,Fogarty,dfogartyec@wikipedia.org,56.118.105.217
518,Aurlie,Rudham,arudhamed@shinystat.com,238.118.51.162
519,Bonita,Gratrex,bgratrexee@theglobeandmail.com,127.219.90.2
520,Bondon,Rolinson,brolinsonef@ocn.ne.jp,5.102.192.10
521,Teresita,Jacquemy,tjacquemyeg@google.pl,194.79.230.126
522,Yvon,Tayloe,ytayloeeh@guardian.co.uk,168.175.31.108
523,Nedi,Liveing,nliveingei@state.gov,232.209.243.217
524,Byron,Liddiard,bliddiardej@sciencedaily.com,146.57.198.9
525,Opal,Stickels,ostickelsek@boston.com,136.1.35.17
526,Meara,Deem,mdeemel@blogs.com,82.156.123.55
527,Terencio,Shipcott,tshipcottem@slate.com,227.47.146.6
528,Malena,Mothersole,mmothersoleen@google.com.au,182.166.186.88
529,Zorina,Fryman,zfrymaneo@moonfruit.com,42.10.127.115
530,Chelsea,Butten,cbuttenep@cbsnews.com,7.183.129.85
531,Kitti,Bensley,kbensleyeq@indiatimes.com,248.16.32.245
532,Yolande,Bruyett,ybruyetter@woothemes.com,49.254.50.87
533,Maryrose,Esome,mesomees@bluehost.com,25.39.199.84
534,Marja,Ranscombe,mranscombeet@princeton.edu,216.30.88.114
535,Silvanus,Sheere,ssheereeu@census.gov,64.151.66.28
536,Nicol,Carr,ncarrev@theglobeandmail.com,139.99.233.43
537,Glori,Bonick,gbonickew@toplist.cz,152.27.244.108
538,Beitris,Thoday,bthodayex@forbes.com,36.124.126.143
539,Walsh,Leggitt,wleggittey@odnoklassniki.ru,6.48.119.253
540,Leta,Dellenbach,ldellenbachez@latimes.com,220.188.220.189
541,Torry,Hitzmann,thitzmannf0@bravesites.com,55.52.106.175
542,Alyss,Rhelton,arheltonf1@stumbleupon.com,8.155.197.175
543,Deeyn,Persich,dpersichf2@ucsd.edu,55.109.248.146
544,Elianore,Barfitt,ebarfittf3@foxnews.com,42.234.59.166
545,Gayleen,Baumann,gbaumannf4@latimes.com,232.4.117.248
546,Martino,Mullin,mmullinf5@unicef.org,212.111.141.141
547,Vallie,Westman,vwestmanf6@clickbank.net,21.180.132.11
548,Kimbra,Wainwright,kwainwrightf7@themeforest.net,42.40.22.12
549,Paula,Quarlis,pquarlisf8@diigo.com,137.123.241.19
550,Rina,Whittington,rwhittingtonf9@va.gov,184.80.36.172
551,Ella,Rosingdall,erosingdallfa@deviantart.com,80.197.216.23
552,Zarla,Goodacre,zgoodacrefb@unc.edu,149.169.177.85
553,Jaymee,Daniells,jdaniellsfc@twitpic.com,177.180.120.155
554,Melesa,Holttom,mholttomfd@auda.org.au,139.226.44.176
555,Ode,Sammonds,osammondsfe@msu.edu,227.22.106.201
556,Zonda,Shipsey,zshipseyff@ycombinator.com,238.108.191.157
557,Stanleigh,Chamberlen,schamberlenfg@squarespace.com,164.133.21.30
558,Ozzy,Simoneau,osimoneaufh@cbsnews.com,252.8.209.115
559,Perceval,Jotham,pjothamfi@issuu.com,144.17.46.193
560,Marcia,McFarlan,mmcfarlanfj@barnesandnoble.com,255.173.159.89
561,Tori,Vescovini,tvescovinifk@wp.com,219.38.181.23
562,Collen,Fenney,cfenneyfl@abc.net.au,226.222.103.168
563,Elbertina,Atling,eatlingfm@nbcnews.com,132.120.141.178
564,Willy,Nolli,wnollifn@google.com.au,168.234.82.173
565,Leland,Saladin,lsaladinfo@princeton.edu,247.132.117.84
566,Cchaddie,Flecknell,cflecknellfp@msu.edu,110.175.228.40
567,Olav,Macewan,omacewanfq@state.tx.us,182.22.20.210
568,Mil,Childerhouse,mchilderhousefr@boston.com,14.235.87.64
569,Rozanna,Conachy,rconachyfs@nbcnews.com,63.159.128.163
570,Pietrek,Stolberg,pstolbergft@npr.org,63.203.251.176
571,Prue,McNeillie,pmcneilliefu@1688.com,236.22.61.134
572,Norma,Lewendon,nlewendonfv@devhub.com,203.129.237.47
573,Cathryn,Hayles,chaylesfw@pbs.org,70.160.161.5
574,Cindy,Auton,cautonfx@shop-pro.jp,196.19.213.141
575,Delphine,Jersch,djerschfy@sciencedirect.com,148.24.154.152
576,Vannie,Charkham,vcharkhamfz@umn.edu,109.11.159.178
577,Nap,Dionsetto,ndionsettog0@disqus.com,130.203.173.229
578,Wells,O'Halligan,wohalligang1@ask.com,36.186.76.101
579,Karrah,Cropper,kcropperg2@miibeian.gov.cn,176.106.223.172
580,Eleni,Bleakman,ebleakmang3@goodreads.com,228.22.112.25
581,Katleen,Pitherick,kpitherickg4@accuweather.com,167.183.2.160
582,Emanuel,Deegin,edeeging5@ucsd.edu,108.16.142.57
583,Donavon,Hacquel,dhacquelg6@discovery.com,138.102.7.28
584,Haleigh,Pollicott,hpollicottg7@cbc.ca,18.93.125.106
585,Toiboid,Renney,trenneyg8@weather.com,90.98.52.210
586,Henderson,Pattle,hpattleg9@issuu.com,213.168.117.121
587,Cristal,Ferrarini,cferrariniga@google.com.hk,33.171.199.129
588,Franciskus,Bierton,fbiertongb@themeforest.net,88.225.226.71
589,Clio,Gavrielli,cgavrielligc@icio.us,138.240.170.196
590,Ashby,Metzig,ametziggd@blog.com,38.19.120.70
591,Pierson,Ioan,pioange@naver.com,132.208.124.107
592,Dexter,Morfield,dmorfieldgf@mapy.cz,58.28.7.72
593,Jarvis,Richichi,jrichichigg@google.it,77.122.121.246
594,Darius,Waylett,dwaylettgh@mediafire.com,112.158.72.113
595,Ezri,Andriuzzi,eandriuzzigi@constantcontact.com,13.243.190.11
596,Merline,Agronski,magronskigj@narod.ru,237.102.3.232
597,Elden,Silverman,esilvermangk@bluehost.com,159.172.79.136
598,Boote,Lamond,blamondgl@mayoclinic.com,236.169.39.232
599,Gennifer,Sliman,gslimangm@answers.com,240.249.34.176
600,Frans,Gosden,fgosdengn@thetimes.co.uk,7.254.39.87
601,Flor,Cozens,fcozensgo@bing.com,93.252.185.36
602,Kelvin,Floris,kflorisgp@xrea.com,249.185.149.157
603,Inga,Wreford,iwrefordgq@biblegateway.com,110.4.217.145
604,Adrian,Stockoe,astockoegr@behance.net,135.59.171.231
605,Opalina,Dowrey,odowreygs@vk.com,58.218.115.254
606,Clemmy,Middleweek,cmiddleweekgt@kickstarter.com,217.208.167.230
607,Nancey,Jelly,njellygu@noaa.gov,10.19.13.88
608,Vergil,Tombs,vtombsgv@dell.com,153.205.119.26
609,Othella,Heberden,oheberdengw@furl.net,153.159.199.36
610,Dorry,Stinson,dstinsongx@macromedia.com,225.118.15.205
611,Claybourne,McConnulty,cmcconnultygy@ucsd.edu,133.121.253.100
612,Aubrette,Dury,adurygz@delicious.com,212.209.72.48
613,Myrtle,Tuberfield,mtuberfieldh0@webs.com,192.170.81.60
614,Caryn,Smart,csmarth1@istockphoto.com,173.71.162.150
615,Marillin,Etherson,methersonh2@pagesperso-orange.fr,138.237.22.129
616,Ricki,Stratley,rstratleyh3@goo.ne.jp,162.171.30.250
617,Thain,Darke,tdarkeh4@shop-pro.jp,35.7.192.170
618,Putnam,L'argent,plargenth5@fda.gov,99.198.190.249
619,Nickey,Delaprelle,ndelaprelleh6@si.edu,197.238.150.196
620,Noby,Raw,nrawh7@feedburner.com,172.27.124.67
621,Ingar,Koppelmann,ikoppelmannh8@springer.com,108.116.177.140
622,Reube,Elleray,rellerayh9@whitehouse.gov,193.223.72.192
623,Trevar,Petrowsky,tpetrowskyha@vkontakte.ru,17.59.31.173
624,Lynda,Whellams,lwhellamshb@biblegateway.com,254.234.184.120
625,Harp,Britnell,hbritnellhc@irs.gov,10.88.208.9
626,Cornelius,Pinkney,cpinkneyhd@smh.com.au,155.165.31.70
627,Billie,Gatfield,bgatfieldhe@yellowbook.com,23.97.233.245
628,Humfried,Tourot,htourothf@skype.com,201.156.75.175
629,Akim,Courcey,acourceyhg@yellowbook.com,33.110.33.173
630,Pansie,Lippiatt,plippiatthh@japanpost.jp,100.40.158.141
631,Algernon,Sheward,ashewardhi@nymag.com,67.63.104.179
632,Quent,Wybern,qwybernhj@vimeo.com,118.247.115.8
633,Eva,Claypool,eclaypoolhk@google.es,172.232.64.104
634,Sissie,Dybbe,sdybbehl@sitemeter.com,79.200.157.145
635,Fiorenze,Barley,fbarleyhm@yolasite.com,231.175.43.63
636,Horst,Drogan,hdroganhn@craigslist.org,76.132.138.123
637,Bordy,Gaskin,bgaskinho@usa.gov,51.134.202.179
638,Roi,Bearns,rbearnshp@hao123.com,174.146.82.140
639,Gertrude,Darington,gdaringtonhq@wordpress.com,152.73.109.115
640,Martin,Priestland,mpriestlandhr@domainmarket.com,120.61.74.239
641,Rodrigo,Nathan,rnathanhs@chron.com,103.138.67.30
642,Raymund,Jaqueminet,rjaqueminetht@diigo.com,184.210.25.164
643,Hobie,Claisse,hclaissehu@moonfruit.com,193.205.76.231
644,Tatiania,Longstaff,tlongstaffhv@typepad.com,23.175.200.193
645,Craig,Harrell,charrellhw@craigslist.org,165.90.170.54
646,Kirsteni,Bernardos,kbernardoshx@google.cn,130.155.155.244
647,Evanne,Segoe,esegoehy@nytimes.com,69.137.252.163
648,Cullie,Mudd,cmuddhz@go.com,133.128.203.192
649,Marjory,Matiashvili,mmatiashvilii0@yahoo.com,161.106.136.145
650,Martica,Newbury,mnewburyi1@prnewswire.com,219.142.156.92
651,Rudolf,Nertney,rnertneyi2@example.com,93.234.140.226
652,Ammamaria,Moon,amooni3@cafepress.com,205.33.191.103
653,Bobinette,Bampkin,bbampkini4@slideshare.net,234.98.71.71
654,Jacquenette,Popworth,jpopworthi5@godaddy.com,126.162.0.125
655,Reed,McGaraghan,rmcgaraghani6@cornell.edu,216.92.183.230
656,Patrice,Upshall,pupshalli7@tripadvisor.com,120.52.95.106
657,Alair,Canet,acaneti8@php.net,75.183.18.209
658,Lyssa,Howle,lhowlei9@oaic.gov.au,102.221.23.111
659,Rasla,Steinhammer,rsteinhammeria@slashdot.org,192.147.7.120
660,Lisbeth,Goater,lgoaterib@berkeley.edu,55.160.10.22
661,Aila,Schoenrock,aschoenrockic@vistaprint.com,60.88.120.253
662,Agna,Bosnell,abosnellid@yahoo.com,175.203.67.86
663,Annamarie,Meddick,ameddickie@vkontakte.ru,75.60.62.144
664,Tersina,Booley,tbooleyif@live.com,108.226.146.216
665,Tobias,Pashen,tpashenig@blogspot.com,54.198.91.1
666,Jonell,Orbon,jorbonih@china.com.cn,195.223.149.79
667,Sigismondo,Cavozzi,scavozziii@examiner.com,76.254.205.219
668,Clarey,Filisov,cfilisovij@goodreads.com,136.43.62.175
669,Luciana,Prisk,lpriskik@liveinternet.ru,152.250.83.220
670,Lara,Rapson,lrapsonil@paypal.com,174.14.183.12
671,Bren,Josephsen,bjosephsenim@goo.gl,55.250.201.227
672,Zelig,Sames,zsamesin@linkedin.com,212.165.40.113
673,Tyler,Bartelli,tbartelliio@ning.com,137.217.8.42
674,Zoe,Piesing,zpiesingip@google.com.au,213.81.242.223
675,Tam,Clapp,tclappiq@mlb.com,143.214.249.86
676,Ben,Rundall,brundallir@patch.com,182.93.139.130
677,Melody,Stockin,mstockinis@pbs.org,70.131.154.64
678,Duky,Bennedsen,dbennedsenit@pbs.org,52.148.87.196
679,Osbourne,Antonin,oantoniniu@usnews.com,240.145.145.91
680,Taite,Tilley,ttilleyiv@baidu.com,2.248.104.196
681,Brynna,Maddocks,bmaddocksiw@craigslist.org,70.53.155.8
682,Courtney,Cultcheth,ccultchethix@si.edu,249.95.150.228
683,Hattie,Dimmick,hdimmickiy@github.io,37.112.34.236
684,Susanne,Deem,sdeemiz@msn.com,145.12.95.9
685,Tobye,Sparway,tsparwayj0@ebay.co.uk,201.68.23.112
686,Jean,Leddie,jleddiej1@sciencedaily.com,149.55.191.177
687,Salim,Gerdts,sgerdtsj2@biblegateway.com,148.101.39.242
688,Evan,Impy,eimpyj3@reverbnation.com,147.240.168.14
689,Eba,Lown,elownj4@geocities.com,131.124.122.42
690,Goraud,Iozefovich,giozefovichj5@ucoz.ru,7.37.60.183
691,Ardys,Osgorby,aosgorbyj6@nih.gov,209.197.117.179
692,Maurise,Martinat,mmartinatj7@example.com,226.129.51.99
693,Elberta,Spoure,espourej8@state.gov,47.19.144.112
694,Teodora,Scolli,tscollij9@weibo.com,171.127.15.176
695,Caroljean,Fidock,cfidockja@blogtalkradio.com,173.238.214.95
696,Erena,Dincey,edinceyjb@cbslocal.com,79.163.77.161
697,Flin,Ghidetti,fghidettijc@yahoo.com,37.172.222.212
698,Corbie,Amys,camysjd@epa.gov,151.152.84.98
699,Demetra,Sweetland,dsweetlandje@google.pl,119.5.34.88
700,Reiko,Haglington,rhaglingtonjf@dyndns.org,188.220.195.210
701,Ethelbert,Monte,emontejg@noaa.gov,222.2.103.255
702,Pauline,McKeating,pmckeatingjh@yolasite.com,136.102.165.57
703,Raviv,Rowlett,rrowlettji@diigo.com,11.20.237.181
704,Win,Hegge,wheggejj@sakura.ne.jp,75.177.244.172
705,Minnie,Feragh,mferaghjk@google.ru,109.224.93.96
706,Napoleon,Banner,nbannerjl@thetimes.co.uk,116.167.218.181
707,Grant,Dunphie,gdunphiejm@xrea.com,65.233.239.18
708,Stormie,Falk,sfalkjn@admin.ch,121.81.14.118
709,Vanya,Stannion,vstannionjo@comcast.net,158.141.49.177
710,Zelig,Baynham,zbaynhamjp@google.co.uk,222.177.161.97
711,Rica,Cristofolini,rcristofolinijq@ibm.com,204.166.106.63
712,Alberto,Sharphurst,asharphurstjr@slashdot.org,249.51.127.43
713,Adelind,Sjostrom,asjostromjs@g.co,243.220.124.250
714,Cullen,Cramb,ccrambjt@blogger.com,82.78.72.218
715,Ragnar,Brager,rbragerju@sina.com.cn,205.127.33.127
716,Dyanna,Maylin,dmaylinjv@harvard.edu,237.197.208.124
717,Lanie,Gallamore,lgallamorejw@shinystat.com,244.102.63.239
718,Faustina,Harteley,fharteleyjx@free.fr,160.109.161.91
719,Karlik,Sperring,ksperringjy@mashable.com,243.128.246.160
720,Emilio,Drysdell,edrysdelljz@chronoengine.com,26.55.182.139
721,John,Figgess,jfiggessk0@infoseek.co.jp,33.70.140.50
722,Krishna,Rantoull,krantoullk1@altervista.org,2.218.131.101
723,Marketa,Verrier,mverrierk2@psu.edu,141.6.91.246
724,Matthiew,Voyce,mvoycek3@pagesperso-orange.fr,38.202.104.214
725,Dora,Malt,dmaltk4@dailymail.co.uk,53.102.102.157
726,Kizzie,Glazier,kglazierk5@wikispaces.com,226.23.109.27
727,Elane,Spadari,espadarik6@wordpress.org,162.212.114.205
728,Leupold,Torbard,ltorbardk7@wisc.edu,103.54.241.57
729,Davon,Bakes,dbakesk8@nasa.gov,205.185.252.99
730,Philippe,McRonald,pmcronaldk9@fotki.com,13.144.44.32
731,Kennett,Duddy,kduddyka@yelp.com,187.46.78.234
732,Arther,Finley,afinleykb@4shared.com,168.241.34.218
733,Abraham,Sedman,asedmankc@lulu.com,101.194.121.220
734,Sib,Goddman,sgoddmankd@wiley.com,57.127.65.41
735,Ermina,MacGee,emacgeeke@myspace.com,95.15.73.2
736,Lotte,Hubbock,lhubbockkf@shinystat.com,42.166.83.146
737,Allin,Prahl,aprahlkg@twitpic.com,87.53.126.89
738,Humbert,Russe,hrussekh@xinhuanet.com,219.154.13.143
739,Tamera,Mil,tmilki@webmd.com,241.236.202.64
740,Gwenora,Poutress,gpoutresskj@123-reg.co.uk,34.132.160.212
741,Hollis,Lehenmann,hlehenmannkk@seesaa.net,21.201.167.54
742,Trix,Iffland,tifflandkl@meetup.com,69.35.114.157
743,Austin,Pie,apiekm@irs.gov,132.68.185.69
744,Gallard,Maddison,gmaddisonkn@accuweather.com,174.204.147.209
745,Kai,O'Shee,kosheeko@sina.com.cn,149.125.201.132
746,Valaree,Blondelle,vblondellekp@comsenz.com,141.130.232.164
747,Juieta,Loseke,jlosekekq@nhs.uk,230.228.80.145
748,Percival,Spellar,pspellarkr@prlog.org,137.204.225.243
749,Ole,Mattityahou,omattityahouks@blogtalkradio.com,196.246.66.123
750,Wileen,Sacco,wsaccokt@google.com.br,3.131.37.125
751,Vail,Kleinplac,vkleinplacku@virginia.edu,23.74.205.225
752,Orran,Filmer,ofilmerkv@msu.edu,122.168.154.187
753,Katherine,Vallentin,kvallentinkw@posterous.com,133.222.64.60
754,Bettina,Beverstock,bbeverstockkx@utexas.edu,154.220.153.83
755,Cornall,Vaudin,cvaudinky@uol.com.br,125.169.92.26
756,Koenraad,Joubert,kjoubertkz@irs.gov,97.191.118.153
757,Felipa,Mixhel,fmixhell0@hatena.ne.jp,240.207.167.65
758,Olive,Buckleigh,obuckleighl1@imgur.com,148.43.39.7
759,Roxy,Sissland,rsisslandl2@comsenz.com,255.103.135.237
760,Karissa,Riggeard,kriggeardl3@prlog.org,35.67.216.55
761,Tish,Apark,taparkl4@bizjournals.com,145.209.187.216
762,Quill,Faithfull,qfaithfulll5@businessweek.com,215.146.48.253
763,Anabella,Hanrott,ahanrottl6@eventbrite.com,88.94.66.106
764,Cordey,Bertolin,cbertolinl7@hatena.ne.jp,163.198.27.34
765,Hilly,Parkes,hparkesl8@forbes.com,235.109.248.108
766,Ilaire,Mathew,imathewl9@uiuc.edu,154.80.139.135
767,Slade,Habishaw,shabishawla@bravesites.com,245.55.248.9
768,Lani,Vinker,lvinkerlb@narod.ru,162.211.93.84
769,Inness,Brantl,ibrantllc@xinhuanet.com,236.42.68.100
770,Gerald,Butterick,gbutterickld@mayoclinic.com,81.164.24.75
771,Dulcine,Ramage,dramagele@amazonaws.com,134.78.183.135
772,Silvanus,Brumham,sbrumhamlf@unesco.org,243.206.36.177
773,Eleen,Rose,eroselg@aboutads.info,240.245.32.1
774,Pepe,McCaughen,pmccaughenlh@over-blog.com,255.65.90.173
775,Antin,Kaszper,akaszperli@usgs.gov,31.71.253.254
776,Ilse,Adamov,iadamovlj@apple.com,47.10.156.188
777,Gabriel,Vinson,gvinsonlk@yellowbook.com,227.45.151.247
778,Natty,Japp,njappll@wunderground.com,145.136.253.249
779,Guglielmo,Otteridge,gotteridgelm@si.edu,127.117.77.102
780,Corabelle,Beller,cbellerln@barnesandnoble.com,204.74.173.70
781,Perla,Dyerson,pdyersonlo@wordpress.com,193.245.243.69
782,Cherey,Bisgrove,cbisgrovelp@homestead.com,200.46.46.103
783,Sylvester,Rosander,srosanderlq@tripadvisor.com,220.190.231.35
784,Vic,Pachta,vpachtalr@angelfire.com,179.206.142.34
785,Flore,Tregiddo,ftregiddols@webnode.com,226.92.135.180
786,Langston,McFaul,lmcfaullt@amazon.com,206.88.238.159
787,Wait,Garraway,wgarrawaylu@hud.gov,120.109.207.125
788,Selig,O' Sullivan,sosullivanlv@intel.com,252.84.129.149
789,Alix,Worssam,aworssamlw@businessweek.com,73.37.222.121
790,Trenton,Nason,tnasonlx@webeden.co.uk,190.169.135.234
791,Jackquelin,Gherardesci,jgherardescily@blogs.com,39.123.60.140
792,Dora,Philippon,dphilipponlz@theglobeandmail.com,3.34.83.234
793,Naomi,Mutter,nmutterm0@msu.edu,19.68.159.111
794,Dalston,Penrose,dpenrosem1@google.fr,250.73.151.75
795,Anissa,Brimham,abrimhamm2@mozilla.org,1.244.146.188
796,Theda,St Pierre,tstpierrem3@t.co,241.41.95.3
797,Rolando,Grent,rgrentm4@paypal.com,245.72.159.124
798,Maurits,Brown,mbrownm5@blogger.com,64.233.93.88
799,Ben,Bathersby,bbathersbym6@geocities.com,193.64.3.182
800,Lisha,Wimmer,lwimmerm7@sun.com,60.203.81.235
801,Koren,Marzelo,kmarzelom8@unblog.fr,196.101.29.159
802,Saree,Josef,sjosefm9@storify.com,105.38.116.44
803,Millicent,Boxhill,mboxhillma@yellowpages.com,166.3.249.148
804,Tabb,Sutworth,tsutworthmb@nytimes.com,33.231.68.95
805,Hugo,Tasker,htaskermc@umn.edu,130.210.231.218
806,Chrisse,Reeday,creedaymd@w3.org,103.161.177.130
807,Gerhard,Twyning,gtwyningme@soup.io,120.5.94.119
808,Bonni,Puddefoot,bpuddefootmf@example.com,106.245.30.118
809,Allx,Collyear,acollyearmg@dyndns.org,12.142.116.167
810,Aleksandr,Tombleson,atomblesonmh@i2i.jp,188.48.135.0
811,Denny,Reynolds,dreynoldsmi@cbc.ca,51.128.92.252
812,Renaldo,Tomasello,rtomasellomj@google.de,22.22.251.65
813,Tabbie,Candy,tcandymk@yahoo.co.jp,247.89.152.87
814,Charley,Barlace,cbarlaceml@studiopress.com,161.3.58.42
815,Bayard,Schiersch,bschierschmm@xrea.com,14.241.172.50
816,Kip,M'Quharg,kmquhargmn@nydailynews.com,232.36.233.68
817,Krissy,Venard,kvenardmo@va.gov,104.15.33.141
818,Kendrick,Chalfant,kchalfantmp@webmd.com,206.235.95.104
819,Louella,Stanyforth,lstanyforthmq@jiathis.com,17.193.252.81
820,Modestine,Antonetti,mantonettimr@bigcartel.com,225.33.16.175
821,Alexandrina,Fiddy,afiddyms@usa.gov,213.128.39.146
822,Jephthah,Zealander,jzealandermt@bing.com,27.24.16.158
823,Vyky,Alltimes,valltimesmu@sina.com.cn,57.27.125.31
824,Joeann,Klimshuk,jklimshukmv@livejournal.com,65.190.42.44
825,Eulalie,Joules,ejoulesmw@slate.com,28.199.148.243
826,Cam,Sowrah,csowrahmx@cam.ac.uk,177.47.73.175
827,Dorena,Prando,dprandomy@surveymonkey.com,121.146.74.150
828,Hal,Fitt,hfittmz@cbslocal.com,56.181.93.69
829,Kerk,Burchatt,kburchattn0@yolasite.com,222.223.201.91
830,Ezmeralda,McGeechan,emcgeechann1@xing.com,21.230.155.166
831,Kristal,Geaves,kgeavesn2@nsw.gov.au,209.214.145.253
832,Renard,Luciano,rlucianon3@discovery.com,71.103.94.201
833,Guinna,Glyssanne,gglyssannen4@sogou.com,111.34.196.30
834,Arley,Costan,acostann5@devhub.com,109.17.117.148
835,Reinhard,Akhurst,rakhurstn6@sourceforge.net,193.182.212.61
836,Elnora,Velden,eveldenn7@aboutads.info,152.58.111.150
837,Jenelle,Ferreiro,jferreiron8@goo.gl,6.36.169.104
838,Gaven,Matthiesen,gmatthiesenn9@pinterest.com,107.215.103.32
839,Willa,Spiteri,wspiterina@umich.edu,32.2.210.77
840,Paxon,Basley,pbasleynb@nasa.gov,181.123.167.72
841,Ursola,Trever,utrevernc@reddit.com,43.176.178.38
842,Ellyn,Karslake,ekarslakend@imageshack.us,113.52.210.63
843,Kevin,Baroch,kbarochne@thetimes.co.uk,250.27.230.89
844,Georgie,Rowbrey,growbreynf@blinklist.com,32.239.60.15
845,Freeman,Jagiela,fjagielang@pcworld.com,83.107.221.221
846,Mariana,Oby,mobynh@prweb.com,41.94.162.44
847,Guthrey,Bruffell,gbruffellni@oracle.com,184.78.14.255
848,Edythe,M'Chirrie,emchirrienj@networksolutions.com,137.60.173.83
849,Kennedy,Stuart,kstuartnk@stanford.edu,108.23.106.26
850,Meade,Adair,madairnl@printfriendly.com,14.35.201.61
851,Korrie,Wolffers,kwolffersnm@quantcast.com,38.183.227.174
852,Ivette,Blaxall,iblaxallnn@webs.com,82.118.91.140
853,Gal,Keizman,gkeizmanno@businesswire.com,17.218.20.207
854,Trina,Wadelin,twadelinnp@dot.gov,83.26.98.234
855,Lotti,Winny,lwinnynq@tripod.com,189.42.231.197
856,Daniela,Choak,dchoaknr@people.com.cn,218.201.55.125
857,Frank,Ong,fongns@google.com.br,116.85.80.191
858,Myrah,Pick,mpicknt@shinystat.com,83.46.170.181
859,Stesha,O'Riordan,soriordannu@ebay.com,100.129.192.211
860,Estrella,Simecek,esimeceknv@omniture.com,86.216.129.207
861,Putnam,McQuaid,pmcquaidnw@webnode.com,126.15.12.235
862,Farand,Clemanceau,fclemanceaunx@arstechnica.com,244.112.222.157
863,Manolo,Lattin,mlattinny@google.de,192.131.185.10
864,Nealson,Bolden,nboldennz@msu.edu,232.78.89.22
865,Loise,Rupert,lruperto0@wordpress.org,224.216.186.231
866,Patty,Comoletti,pcomolettio1@google.co.uk,215.169.171.253
867,Carleton,Grindrod,cgrindrodo2@blogs.com,169.81.211.0
868,Geoff,Shark,gsharko3@google.ca,43.24.5.215
869,Beck,Paoletti,bpaolettio4@edublogs.org,85.121.141.73
870,Giusto,McNeilly,gmcneillyo5@miibeian.gov.cn,132.167.206.127
871,Carlee,Hargreaves,chargreaveso6@illinois.edu,130.193.68.148
872,Raddie,Coom,rcoomo7@sfgate.com,118.77.169.242
873,Sharona,Leipold,sleipoldo8@goo.ne.jp,224.8.92.210
874,Noemi,Pattison,npattisono9@flickr.com,56.114.171.151
875,Ethelred,Meatyard,emeatyardoa@de.vu,40.94.113.64
876,Ashley,Safhill,asafhillob@hibu.com,127.31.223.139
877,Rutherford,Kort,rkortoc@nhs.uk,89.177.230.144
878,Rosana,Brockelsby,rbrockelsbyod@blogger.com,56.249.195.116
879,Craggie,Gratrex,cgratrexoe@dyndns.org,94.93.252.77
880,Sylvia,Andrioletti,sandriolettiof@ft.com,115.165.74.99
881,Nanete,Skillman,nskillmanog@usgs.gov,83.135.165.177
882,Marti,Myrkus,mmyrkusoh@merriam-webster.com,146.79.130.37
883,Madelon,Cristofor,mcristoforoi@cargocollective.com,154.48.177.5
884,Tracy,Dubble,tdubbleoj@google.co.jp,243.228.83.8
885,Shell,Bortolazzi,sbortolazziok@wordpress.org,138.146.242.101
886,Alec,Runcieman,arunciemanol@amazon.co.uk,155.250.77.46
887,Sutherland,Sebire,ssebireom@umn.edu,28.234.240.239
888,Steven,McEwen,smcewenon@hhs.gov,181.176.52.15
889,Gennie,Abrahamsen,gabrahamsenoo@latimes.com,247.92.14.91
890,Tracy,McElane,tmcelaneop@usa.gov,248.55.43.236
891,Cal,Geydon,cgeydonoq@ycombinator.com,176.99.162.115
892,Cecilla,Fazakerley,cfazakerleyor@biblegateway.com,226.46.203.9
893,Boycie,Cohrs,bcohrsos@dagondesign.com,236.172.73.236
894,Leonelle,Chupin,lchupinot@google.com.hk,242.96.40.118
895,Ainslee,Remer,aremerou@marriott.com,46.88.197.89
896,Deena,Bird,dbirdov@sakura.ne.jp,136.132.221.190
897,Chadwick,Gascoine,cgascoineow@acquirethisname.com,143.127.252.152
898,Minette,Mix,mmixox@w3.org,123.215.25.132
899,Anni,Ishak,aishakoy@icq.com,22.104.41.35
900,Aleda,Standen,astandenoz@marketwatch.com,246.192.110.163
901,Spense,Hastin,shastinp0@intel.com,154.196.185.132
902,Pia,Yerrell,pyerrellp1@washington.edu,122.99.32.135
903,Jeannine,Dot,jdotp2@bbc.co.uk,184.108.219.26
904,Harley,Risen,hrisenp3@hostgator.com,199.209.161.123
905,Addie,Ketton,akettonp4@free.fr,33.73.101.250
906,Lorie,Abbado,labbadop5@cargocollective.com,218.150.55.171
907,Lauralee,Aston,lastonp6@slate.com,55.65.148.135
908,Fitzgerald,Simonetto,fsimonettop7@reddit.com,78.207.10.167
909,Fernande,Lynskey,flynskeyp8@pen.io,48.42.59.180
910,Imogene,Janz,ijanzp9@spiegel.de,234.193.237.60
911,Wilfrid,Bruhnicke,wbruhnickepa@gov.uk,145.6.218.69
912,Gloriane,Morphew,gmorphewpb@drupal.org,231.234.59.188
913,Bjorn,Hilliam,bhilliampc@wikia.com,188.126.119.38
914,Rhianna,Keer,rkeerpd@blogtalkradio.com,38.251.80.255
915,Hertha,Cawood,hcawoodpe@technorati.com,65.67.43.203
916,Martita,Harrap,mharrappf@sohu.com,6.59.160.56
917,Deni,Fehely,dfehelypg@pcworld.com,122.153.160.247
918,Idelle,MacGaughie,imacgaughieph@earthlink.net,73.220.194.244
919,Katharina,McIleen,kmcileenpi@goodreads.com,208.83.192.141
920,Hillary,McMylor,hmcmylorpj@scribd.com,251.61.22.161
921,Sawyere,Cassimer,scassimerpk@rambler.ru,208.81.109.31
922,Nevins,Fewell,nfewellpl@storify.com,53.205.100.249
923,Caspar,Umpleby,cumplebypm@livejournal.com,21.125.187.66
924,Melonie,Whiteson,mwhitesonpn@narod.ru,165.83.218.129
925,Sayres,Riggert,sriggertpo@cornell.edu,183.1.64.15
926,Zola,Demageard,zdemageardpp@joomla.org,109.33.95.141
927,Marj,Birtles,mbirtlespq@zdnet.com,84.151.135.153
928,Worthington,Measham,wmeashampr@bizjournals.com,221.238.168.195
929,Michael,Goodchild,mgoodchildps@xing.com,222.208.140.18
930,Hildegaard,Doog,hdoogpt@nytimes.com,68.255.180.22
931,Gerry,Glynn,gglynnpu@webnode.com,151.17.65.104
932,Tudor,Mougin,tmouginpv@ca.gov,255.171.166.15
933,Jaymee,Haseldine,jhaseldinepw@ca.gov,75.63.249.23
934,Katheryn,Goncalo,kgoncalopx@storify.com,28.202.116.49
935,Torrie,Robb,trobbpy@google.pl,51.219.62.35
936,Hank,Confait,hconfaitpz@ucoz.com,59.129.90.35
937,Crissie,Waddy,cwaddyq0@jimdo.com,113.204.46.62
938,Teodoor,Blaxlande,tblaxlandeq1@live.com,169.244.154.164
939,Belva,Bartod,bbartodq2@msn.com,7.219.23.77
940,Ferrel,Oby,fobyq3@huffingtonpost.com,181.216.13.201
941,Sophie,Clarke-Williams,sclarkewilliamsq4@google.com.au,131.14.36.73
942,Emanuel,Lethibridge,elethibridgeq5@networksolutions.com,120.6.73.69
943,Andras,Lyburn,alyburnq6@webnode.com,249.230.101.63
944,Stella,Ankrett,sankrettq7@yolasite.com,165.70.208.254
945,Chadd,Jagielski,cjagielskiq8@printfriendly.com,202.120.193.137
946,Annamaria,Sinott,asinottq9@instagram.com,30.137.171.163
947,Rochella,Tothe,rtotheqa@wikimedia.org,37.95.29.70
948,Arne,Fritschmann,afritschmannqb@acquirethisname.com,237.112.131.9
949,Kendricks,Crutcher,kcrutcherqc@nih.gov,7.168.81.96
950,Decca,Bowdon,dbowdonqd@plala.or.jp,196.13.58.166
951,Dan,Twomey,dtwomeyqe@wunderground.com,236.80.33.173
952,Velvet,Bartosik,vbartosikqf@theatlantic.com,105.44.142.74
953,Eadmund,Rollings,erollingsqg@tripod.com,34.66.191.91
954,Valma,Lindenbaum,vlindenbaumqh@yahoo.com,94.10.131.158
955,Alaric,Mummery,amummeryqi@rambler.ru,60.38.23.234
956,Buiron,Eakley,beakleyqj@ibm.com,215.241.244.188
957,Niki,Afonso,nafonsoqk@unblog.fr,12.84.60.65
958,Sanderson,Flude,sfludeql@shutterfly.com,97.28.61.116
959,Leoine,Barenski,lbarenskiqm@1688.com,167.4.58.230
960,Augusta,Brownsey,abrownseyqn@google.com.br,22.120.69.23
961,Natividad,Durtnal,ndurtnalqo@canalblog.com,199.46.240.193
962,Bond,Uglow,buglowqp@jiathis.com,125.161.197.185
963,Adella,Meadley,ameadleyqq@lycos.com,159.26.107.221
964,Emelyne,Hebard,ehebardqr@pbs.org,12.49.224.72
965,Stephine,Wallbanks,swallbanksqs@yellowbook.com,28.92.42.139
966,Karlie,Knappett,kknappettqt@dailymotion.com,80.151.158.184
967,Willamina,Olijve,wolijvequ@uiuc.edu,160.55.0.62
968,Mercie,Cruz,mcruzqv@shop-pro.jp,76.51.9.63
969,Frannie,Minelli,fminelliqw@360.cn,160.86.121.205
970,Seumas,Joiner,sjoinerqx@wired.com,82.184.191.91
971,Marcille,Byrkmyr,mbyrkmyrqy@fda.gov,57.166.147.179
972,Gabbie,Lewin,glewinqz@ehow.com,144.34.14.84
973,Raffaello,Opdenorth,ropdenorthr0@washingtonpost.com,233.54.120.229
974,Irene,Longcaster,ilongcasterr1@berkeley.edu,26.155.232.21
975,Sherri,Farnish,sfarnishr2@behance.net,162.129.71.189
976,Laurence,Bahlmann,lbahlmannr3@abc.net.au,122.219.126.78
977,Ree,Tamblyn,rtamblynr4@privacy.gov.au,5.197.124.72
978,Gradeigh,De Cruze,gdecruzer5@unicef.org,195.175.24.224
979,Anatol,Phalp,aphalpr6@bloglovin.com,42.6.143.246
980,Kennan,Prestner,kprestnerr7@storify.com,51.204.3.10
981,Hans,Gillespey,hgillespeyr8@wiley.com,109.28.19.87
982,Darcy,Rodwell,drodwellr9@acquirethisname.com,111.59.180.35
983,Adeline,Davern,adavernra@google.ru,231.8.193.86
984,Audry,O'Crigane,aocriganerb@guardian.co.uk,132.32.201.6
985,Meade,Rothwell,mrothwellrc@t.co,215.123.38.159
986,Justine,Stonelake,jstonelakerd@clickbank.net,5.136.100.247
987,Sibby,Ghelarducci,sghelarduccire@apple.com,194.147.56.204
988,Mal,Gibbons,mgibbonsrf@dyndns.org,1.118.69.196
989,Marieann,Perez,mperezrg@devhub.com,35.127.215.202
990,Carie,Mc Cahey,cmccaheyrh@live.com,91.100.197.106
991,Roch,Eblein,rebleinri@linkedin.com,45.194.45.71
992,Nikaniki,Letch,nletchrj@hp.com,140.206.180.245
993,Marcella,Warret,mwarretrk@hud.gov,42.185.196.159
994,Anthe,Hapke,ahapkerl@msn.com,133.152.43.122
995,Raddie,Rogan,rroganrm@hostgator.com,190.121.136.225
996,Titos,Saltsberg,tsaltsbergrn@altervista.org,200.201.26.179
997,Linoel,Fundell,lfundellro@newyorker.com,73.201.240.167
998,Aaren,Critchard,acritchardrp@deliciousdays.com,137.135.36.253
999,Keri,Dyers,kdyersrq@nbcnews.com,64.237.148.153
1000,Twyla,Caldroni,tcaldronirr@trellian.com,141.21.190.250
